frequence_rental_income;weight_rental_income;frequence_labour_income;weight_labour_income;frequence_pension_income;weight_pension_income;frequence_dividend_income;weight_dividend_income;frequence_self_employed_income;weight_self_employed_income;CAP;Medio/Mediano;Reddito Medio;Reddito Mediano;average_sale;average_rent;sale_to_income;sale_to_median;rent_yield
43.79594706897654;5.057961330803952;51.722815316755096;49.16296154909416;26.216198938822476;10.161128742508394;9.071150035159496;11.963452649471433;7.325960493511475;11.336843683323407;20121;2.8898211660950515;94370;32656;10028.67;29.43;6.4;18.4;3.52
42.33780760626398;5.814205872823027;41.67324647979997;49.27380555953529;25.986971969996052;12.800346721134318;7.764179497302276;11.773624395001235;6.4218976181076455;12.92352457648111;20122;2.860143198090692;59920;20950;8903.0;27.19;8.9;25.5;3.66
48.414557247094855;4.80759926579759;53.607783082605174;51.584965728081706;26.66876857940726;12.998320745123667;8.661381857490316;12.233619020339882;8.35059904513107;13.259202144083368;20123;2.1513447716206815;74230;34504;8384.67;26.4;6.8;14.6;3.78
51.51625424551189;3.8772701859715033;57.08798317968623;58.29149950974445;27.931424874656315;16.01546840889238;6.036713569464661;7.756829222408711;6.109493773249231;11.714802713855754;20124;1.6888319705776114;51430;30453;8229.5;26.72;9.6;16.2;3.9
51.459670104478114;2.8612978339120527;63.076561292706685;62.83440795480856;27.291967615144287;23.75904607437781;3.3191117680653073;3.28397828206284;3.0671549030805925;6.541771471356305;20125;1.2971133240892474;30870;23799;5071.0;20.49;9.9;12.8;4.85
53.16523926453854;2.185558396686198;66.10768401509253;67.90758543327681;27.190513265856143;23.166487491222192;2.1620650416242437;2.177527304594865;1.670958854884111;3.3498524443382625;20126;1.2020156499651768;29340;24409;4112.0;18.22;8.4;10.1;5.32
45.36753445635528;2.657870217104076;66.83488792983434;65.59693374239954;24.185577056939998;22.415473937393006;2.6555756647640263;2.8114425189857064;2.0256160378671866;5.023374446553954;20127;1.2076915530265868;24620;20386;4532.0;20.01;11.0;13.3;5.3
53.00417186357576;2.2532280449467774;67.04227775149457;67.60277617984342;25.461270482989978;23.203219586020655;2.9332071738849943;2.624308632837951;1.4924089286482303;3.554188362967824;20128;1.146273167696342;25790;22499;3593.0;17.99;8.4;9.6;6.01
53.42302204362133;3.6067837838928423;52.916339069916425;53.93252512742554;30.70673538918494;17.43963356424872;6.2665618357065895;9.32709133137126;7.696339652310649;13.43851113748928;20129;1.6707338848878044;56140;33602;8343.5;25.8;8.9;14.9;3.71
48.80111917233302;3.277730797756609;62.07177017926278;61.2368545431131;27.2863324332238;22.68644661707903;3.539707843966555;3.316637428293807;3.555974883690666;7.585663396889699;20131;1.3630267809972771;33540;24607;4913.0;19.72;8.8;12.0;4.82
46.65984654731458;2.286291016439211;62.0460358056266;61.59287058266588;32.107416879795394;30.504948169562102;2.0767263427109977;2.0714064144982713;1.2122762148337596;2.681183727469384;20132;1.1267741159490017;23420;20785;3905.5;18.42;10.0;11.3;5.66
52.33681540969748;3.0929143620909367;58.48982549362961;58.72844913689063;31.35076384276312;25.713408698105766;3.7135438681239057;4.276512870776179;3.8645009359338203;7.994866507495208;20133;1.2859383167799268;34440;26782;5608.0;20.58;9.8;12.6;4.4
55.390030800176;2.410370514530685;63.73750707146898;65.34059311147487;28.285875919290966;24.73424870663339;2.602300584574769;2.8856586729388494;2.068011817210384;4.4707064855924665;20134;1.1547753261394749;28680;24836;3832.0;16.04;8.0;9.3;5.02
51.80521597392013;3.2548614670498153;57.68948655256724;60.879066746094246;28.2640586797066;18.257192954673034;5.08557457212714;6.121074743618062;5.692746536267319;11.059701189684846;20135;1.4081461399431965;43630;30984;6030.0;21.9;8.3;11.7;4.36
48.891625615763544;3.3315155380990076;58.85160098522167;60.78853949686865;27.70935960591133;19.099492140951043;4.548953201970443;5.953658099757882;5.080049261083744;10.329202769197664;20136;1.5125470032998234;39420;26062;;;;;
46.504242544534314;2.8648299374314266;62.62094973453084;63.70382849123666;28.879075075671118;23.65253317448005;3.011958517342331;2.822066135392557;2.600109164888602;6.543553083453488;20137;1.2941022737172228;29710;22958;5076.0;20.49;10.3;13.3;4.84
47.73031473478909;1.7557416760669446;67.78461891468125;68.77114746763422;27.247695896592603;24.590597098366334;1.9541856285135186;1.7424558175507487;1.2008107384603617;2.7814409599688847;20138;1.1491329479768786;24850;21625;3520.0;16.13;8.5;9.8;5.5
43.25201850415194;2.116719239912275;64.6036261241847;64.70431379889976;29.405511019165015;25.995712030416257;2.2957790995029166;2.489456152255152;1.6061833749964083;4.019179878857992;20139;1.2303916851121162;25570;20782;4466.5;19.41;10.5;12.9;5.21
49.01031974285231;2.578265605050475;62.09609203180511;63.51464739653875;29.980826707268935;24.9606134618362;3.033891614504032;2.9489432293481026;2.2415834884114365;5.539064907530885;20141;1.2712963763729137;29400;23126;4466.5;19.41;9.1;11.6;5.21
45.06383786605914;1.9837583252208195;58.607432721059375;58.79655604469949;37.12563481892828;33.59116077551838;2.083629977692344;1.9575583681637898;1.0821586216716503;2.6106576346853076;20142;1.1473148456452458;24120;21023;4287.5;19.54;10.7;12.2;5.47
51.07028412732322;2.676017115729322;61.27750480666524;64.22735202091052;29.23734244819483;20.86542351516527;3.0933561204870754;3.5374539420319673;2.943815424054689;7.160326288433281;20143;1.3691653689128331;32530;23759;7180.0;24.16;13.2;18.1;4.04
54.46938296707594;3.6101746356138014;54.68835536091343;57.49163112672148;30.636584030656135;19.1694896983426;5.720653789004458;7.684715245781889;6.107765699538594;11.165730402736525;20144;1.4729910986465065;48320;32804;6980.0;23.73;8.7;12.8;4.08
52.92497767192617;3.880743945886478;51.38434057755284;52.92412866173011;29.033938672223876;13.109897194592053;9.44477523072343;12.341326267710668;8.462339982137541;12.948582834749216;20145;2.0612189660687483;83770;40641;8056.5;25.44;5.8;11.9;3.79
49.31326937203659;2.8164400234387834;58.25746276962803;60.981008345262694;32.5067337444071;25.086806675746395;3.548293747078334;3.5154564147791203;3.1075395677047393;7.0146370307454475;20146;1.3375097885669538;34160;25540;5651.0;20.34;9.9;13.3;4.32
46.24047697913216;2.213240704695991;62.58032461079828;62.61009484275165;32.437893342166284;28.97710435359705;2.2921497184498176;2.251035294466676;1.5998675057966214;3.7709621428275106;20147;1.2071508379888267;27010;22375;;;;;
45.056738114662906;2.9588464984303156;62.070755766520804;61.237574759250016;29.985908180671956;25.05899543405546;3.1743677223169917;3.4972584161045566;2.5476525995698287;6.242349000148216;20148;1.3772644927536233;30410;22080;4157.0;17.59;8.2;11.3;5.08
54.41202090592334;3.147334656217111;55.98432055749129;60.07446563738894;30.631533101045296;17.37809633185111;5.522648083623693;7.320768446293327;5.378919860627177;9.788105769308183;20149;1.6298104110241376;54760;33599;6739.0;23.24;7.4;12.0;4.14
55.231076138756514;2.06260288179244;59.1183641804278;62.27809084602325;35.84173778122576;27.495805277293023;2.3606339354981714;2.981304630710055;1.637481990468802;4.194637426562175;20151;1.3159586780402075;30700;23329;4157.0;17.59;8.1;10.7;5.08
50.57026612419129;2.020900552207969;61.18521976922564;61.22723692092909;34.97632228373241;33.256227676512246;1.9108917494830922;1.500834471395144;0.8604015207096645;2.0647865778536545;20152;1.1002594951639537;23320;21195;3803.0;16.94;9.8;10.8;5.35
44.250871080139376;1.8849375927897156;61.636273134530974;61.50116149688364;33.739083216435134;31.470133367379624;2.425449115344586;2.0011816690272712;1.0045703425494366;2.5984563829493776;20153;1.1209871873670276;23710;21151;3031.0;15.53;7.7;8.6;6.15
52.32624059866208;3.3710999479578176;58.872217392947576;60.7736516420255;26.84530783476322;17.060635916833117;5.132469103140708;7.162416047299006;4.841452813787369;10.258094915787348;20154;1.5320449006213313;44630;29131;6387.0;23.36;8.6;13.2;4.39
49.18091349834141;2.5391661992773935;63.858127073232964;64.04209155096812;27.649910691502935;23.66755901969551;2.990558816024496;2.8744271669040375;2.184230671089564;5.126538002465167;20155;1.2661623713607177;28790;22738;;;;;
45.2036252354049;2.1432978983886875;65.45433145009416;62.81611214077699;27.54237288135593;26.804500716428027;2.6012241054613936;2.7970252767608708;1.4653954802259888;3.7518500720477195;20156;1.1722630637790583;23600;20132;4295.0;18.73;10.9;12.8;5.23
35.28315644494855;1.5769241870536053;65.42979826622377;62.425534650247165;30.547678846309648;31.254385143273595;1.9079640281941181;1.8405307605428858;0.46180021064571014;1.323868516198211;20157;1.0885673959068454;18510;17004;;;;;
45.458911885424854;2.40875008038047;68.30844467732076;67.72824641741174;23.83634617064012;22.206769724309737;2.6198585276395074;2.646808759695014;1.7203737664832766;4.129847835293235;20158;1.1781622968892298;24580;20863;3794.0;18.65;9.3;10.9;5.9
47.63906613617596;2.326376381670942;64.51092260340815;64.37298562066604;26.766008557916074;21.717459419875937;2.9352150739433975;3.7113511024892087;2.5486074619022596;5.827625958815558;20159;1.3005641317181966;29740;22867;5729.0;21.92;11.6;15.0;4.59
47.020629571792554;2.1256769733001866;65.27218432371716;63.656609719617066;29.05125886962001;27.365305106267357;2.498561683241555;2.391638908364654;1.1068189912605133;3.3114284228445223;20161;1.142829727006669;23820;20843;3802.0;18.04;9.6;10.9;5.69
44.905285670638555;1.8399934210840279;60.33455545371219;60.91019932285233;35.79285059578368;32.30641388122728;2.0967002749770853;1.8658455439015595;1.0349831958447908;2.680725301337337;20162;1.137711103126123;25330;22264;;;;;
